{
  "defaults": {
    "__comment": "You can disable defaults by setting these to false. Do *NOT* try to add additional entries here. You can add additional entries in the custom section.",
    "excompressum:compressed_cobblestone": false,
    "excompressum:compressed_gravel": false,
    "excompressum:compressed_sand": false,
    "excompressum:compressed_netherrack": false,
    "excompressum:compressed_end_stone": false
  },
  "custom": {
    "__comment": "You can define additional blocks to be hammered by Compressed Hammers here. Use * as a wildcard for metadata. Use prefix ore: in name to query the Ore Dictionary.",
    "entries":
      
	  [
	  {
        "name": "aether:holystone",
        "metadata": "0",
        "rewards": [
          {
            "name": "exnihilocreatio:block_skystone_crushed",
            "count": 1,
            "metadata": "0",
            "chance": 1.0,
            "luck": 0.0
          }
        ]
    },
	{
        "name": "minecraft:stone",
        "metadata": "5",
        "rewards": [
          {
            "name": "exnihilocreatio:block_andesite_crushed",
            "count": 1,
            "metadata": "0",
            "chance": 1.0,
            "luck": 0.0
          }
        ]
    },
    {
        "name": "minecraft:stone",
        "metadata": "3",
        "rewards": [
          {
            "name": "exnihilocreatio:block_diorite_crushed",
            "count": 1,
            "metadata": "0",
            "chance": 1.0,
            "luck": 0.0
          }
        ]
    },
    {
        "name": "minecraft:stone",
        "metadata": "1",
        "rewards": [
          {
            "name": "exnihilocreatio:block_granite_crushed",
            "count": 1,
            "metadata": "0",
            "chance": 1.0,
            "luck": 0.0
          }
        ]
    }
	
	]
  }
}