{
  "comment": "",
  "data": [
    {
      "comment": "",
      "item": {
        "ore": "rennetSource",
        "comment": "",
        "mod_id": null,
        "name": null,
        "amount": 1,
        "meta": 32767
      },
      "input_fluid": {
        "comment": "Water",
        "name": "water",
        "amount": 1000
      },
      "output_fluid": {
        "comment": "Rennet",
        "name": "fluid_rennet",
        "amount": 1000
      },
      "residue": null,
      "time": 1200
    },
    {
      "comment": "",
      "item": {
        "ore": null,
        "comment": "Sugar",
        "mod_id": "minecraft",
        "name": "sugar",
        "amount": 1,
        "meta": 0
      },
      "input_fluid": {
        "comment": "Skim Milk",
        "name": "fluid_skim_milk",
        "amount": 250
      },
      "output_fluid": {
        "comment": "Pasteurized Milk",
        "name": "fluid_pasteurized_milk",
        "amount": 250
      },
      "residue": {
        "pomace": 1.0,
        "ore": null,
        "comment": "Starter Culture",
        "mod_id": "growthcraft_milk",
        "name": "starter_culture",
        "amount": 1,
        "meta": 0
      },
      "time": 1200
    },
    {
      "comment": "",
      "item": {
        "ore": "yeastBayanus",
        "comment": "",
        "mod_id": null,
        "name": null,
        "amount": 1,
        "meta": 32767
      },
      "input_fluid": {
        "comment": "Purple Grape Wine",
        "name": "fluid_booze_purple_wine",
        "amount": 40
      },
      "output_fluid": {
        "comment": "Purple Port Wine",
        "name": "fluid_booze_purple_portwine",
        "amount": 40
      },
      "residue": {
        "pomace": 0.3,
        "ore": null,
        "comment": "Bone Meal",
        "mod_id": "minecraft",
        "name": "dye",
        "amount": 1,
        "meta": 15
      },
      "time": 20
    },
    {
      "comment": "",
      "item": {
        "ore": "yeastBayanus",
        "comment": "",
        "mod_id": null,
        "name": null,
        "amount": 1,
        "meta": 32767
      },
      "input_fluid": {
        "comment": "Red Grape Wine",
        "name": "fluid_booze_red_wine",
        "amount": 40
      },
      "output_fluid": {
        "comment": "Red Port Wine",
        "name": "fluid_booze_red_portwine",
        "amount": 40
      },
      "residue": {
        "pomace": 0.3,
        "ore": null,
        "comment": "Bone Meal",
        "mod_id": "minecraft",
        "name": "dye",
        "amount": 1,
        "meta": 15
      },
      "time": 20
    },
    {
      "comment": "",
      "item": {
        "ore": "yeastBayanus",
        "comment": "",
        "mod_id": null,
        "name": null,
        "amount": 1,
        "meta": 32767
      },
      "input_fluid": {
        "comment": "Green Grape Wine",
        "name": "fluid_booze_green_wine",
        "amount": 40
      },
      "output_fluid": {
        "comment": "Green Port Wine",
        "name": "fluid_booze_green_portwine",
        "amount": 40
      },
      "residue": {
        "pomace": 0.3,
        "ore": null,
        "comment": "Bone Meal",
        "mod_id": "minecraft",
        "name": "dye",
        "amount": 1,
        "meta": 15
      },
      "time": 20
    },
    {
      "comment": "",
      "item": {
        "ore": "cropWheat",
        "comment": "",
        "mod_id": null,
        "name": null,
        "amount": 1,
        "meta": 32767
      },
      "input_fluid": {
        "comment": "Water",
        "name": "water",
        "amount": 40
      },
      "output_fluid": {
        "comment": "Ale Wort",
        "name": "fluid_booze_hopale_young",
        "amount": 40
      },
      "residue": {
        "pomace": 0.3,
        "ore": null,
        "comment": "Bone Meal",
        "mod_id": "minecraft",
        "name": "dye",
        "amount": 1,
        "meta": 15
      },
      "time": 1200
    },
    {
      "comment": "",
      "item": {
        "ore": "cropHops",
        "comment": "",
        "mod_id": null,
        "name": null,
        "amount": 1,
        "meta": 32767
      },
      "input_fluid": {
        "comment": "Ale Wort",
        "name": "fluid_booze_hopale_young",
        "amount": 40
      },
      "output_fluid": {
        "comment": "Ale Wort",
        "name": "fluid_booze_hopale_unhopped",
        "amount": 40
      },
      "residue": {
        "pomace": 0.0,
        "ore": null,
        "comment": "Bone Meal",
        "mod_id": "minecraft",
        "name": "dye",
        "amount": 1,
        "meta": 15
      },
      "time": 1200
    },
    {
      "comment": "",
      "item": {
        "ore": "yeastLager",
        "comment": "",
        "mod_id": null,
        "name": null,
        "amount": 1,
        "meta": 32767
      },
      "input_fluid": {
        "comment": "Ale Wort",
        "name": "fluid_booze_hopale_young",
        "amount": 40
      },
      "output_fluid": {
        "comment": "Lager Wort",
        "name": "fluid_booze_lager_young",
        "amount": 40
      },
      "residue": {
        "pomace": 0.0,
        "ore": null,
        "comment": "Bone Meal",
        "mod_id": "minecraft",
        "name": "dye",
        "amount": 1,
        "meta": 15
      },
      "time": 1200
    }
  ]
}